sub_id,source,platform,n_trials,n_congruent,n_incongruent,congruent_accuracy,congruent_omission_rate,congruent_rt,incongruent_accuracy,incongruent_omission_rate,incongruent_rt,stroop_effect,lag1_autocorr,post_error_slowing_ms
s001,human,human,96,48,48,0.875,0.0625,692.047619047619,0.8125,0.041666666666666664,821.6666666666666,129.6190476190476,0.023208510847090566,-96.30666666666673
s002,human,human,96,48,48,0.9791666666666666,0.0,680.5106382978723,0.9791666666666666,0.020833333333333332,797.2553191489362,116.74468085106389,0.07168967792309494,43.086956521739125
s003,human,human,96,48,48,1.0,0.0,578.5416666666666,0.9583333333333334,0.0,667.3260869565217,88.78442028985512,0.08286707226361355,40.01612903225805
s004,human,human,96,48,48,1.0,0.0,720.3541666666666,1.0,0.0,805.5625,85.20833333333337,-0.15232808576949716,
s005,human,human,96,48,48,1.0,0.0,555.3125,1.0,0.0,596.4791666666666,41.16666666666663,-0.03574563720904464,
s006,human,human,96,48,48,0.9583333333333334,0.020833333333333332,704.2391304347826,0.9166666666666666,0.041666666666666664,845.2954545454545,141.05632411067188,0.04140597858630795,112.18217054263573
s007,human,human,96,48,48,0.9166666666666666,0.041666666666666664,967.5227272727273,0.8125,0.10416666666666667,1019.2051282051282,51.682400932400924,0.0635307061805715,3.5789473684210407
s008,human,human,96,48,48,0.9583333333333334,0.020833333333333332,644.6086956521739,0.7916666666666666,0.020833333333333332,757.3421052631579,112.73340961098404,-0.06936715245865559,33.64320987654321
s009,human,human,96,48,48,0.9791666666666666,0.020833333333333332,755.3191489361702,0.9791666666666666,0.020833333333333332,855.5531914893617,100.23404255319144,0.0494369099101237,
s010,human,human,96,48,48,1.0,0.0,599.3958333333334,0.8958333333333334,0.020833333333333332,752.7209302325581,153.32509689922472,-0.025614951835984983,100.22222222222217
s011,human,human,96,48,48,1.0,0.0,558.5625,0.9791666666666666,0.0,722.7234042553191,164.1609042553191,0.11059274613212787,-60.138297872340445
s012,human,human,96,48,48,0.9583333333333334,0.020833333333333332,761.4782608695652,0.9166666666666666,0.041666666666666664,918.5,157.02173913043475,-0.04916195884861763,-150.79069767441865
s013,human,human,96,48,48,1.0,0.0,697.8333333333334,0.9375,0.0,950.1555555555556,252.3222222222222,0.06558200458215158,107.05797101449275
s014,human,human,96,48,48,0.9791666666666666,0.0,648.1063829787234,0.9583333333333334,0.0,791.6521739130435,143.54579093432005,0.1866523368556221,24.35869565217388
s015,human,human,96,48,48,0.9375,0.020833333333333332,668.6222222222223,0.9375,0.0,808.0888888888888,139.46666666666658,0.06539209786703028,-102.84545454545446
s016,human,human,96,48,48,1.0,0.0,613.3333333333334,0.8958333333333334,0.020833333333333332,766.1627906976744,152.829457364341,0.1390336630641322,-110.47777777777776
s017,human,human,96,48,48,0.9791666666666666,0.0,656.5957446808511,0.9583333333333334,0.020833333333333332,880.7826086956521,224.18686401480102,0.12809769332051596,154.3736263736264
s018,human,human,96,48,48,0.9791666666666666,0.0,559.7021276595744,0.9791666666666666,0.020833333333333332,731.1489361702128,171.44680851063833,-0.019377519191777912,255.60869565217388
s019,human,human,96,48,48,0.9791666666666666,0.0,679.1702127659574,0.7291666666666666,0.0,892.6571428571428,213.4869300911854,0.10412255332396038,140.23368606701945
s020,human,human,96,48,48,0.9375,0.020833333333333332,646.2222222222222,0.875,0.020833333333333332,782.9285714285714,136.70634920634927,-0.14185936043441802,7.023809523809518
s021,human,human,96,48,48,0.9166666666666666,0.041666666666666664,929.1818181818181,0.6666666666666666,0.22916666666666666,1160.25,231.06818181818187,-0.05470890743337421,228.7910447761194
s023,human,human,96,48,48,1.0,0.0,620.5625,0.9791666666666666,0.0,685.3404255319149,64.77792553191489,-0.09016961369482952,-26.819148936170222
s025,human,human,96,48,48,1.0,0.0,691.8541666666666,0.9583333333333334,0.020833333333333332,958.1304347826087,266.2762681159421,0.23370160719289815,97.03260869565213
s026,human,human,96,48,48,0.9791666666666666,0.0,592.531914893617,0.9791666666666666,0.0,645.2553191489362,52.723404255319224,-0.06032555605619951,-48.90322580645159
s027,human,human,96,48,48,0.9791666666666666,0.0,600.0851063829788,1.0,0.0,742.2916666666666,142.20656028368785,0.21018933702474232,18.521276595744666
s028,human,human,96,48,48,1.0,0.0,606.8958333333334,1.0,0.0,654.1041666666666,47.20833333333326,0.06615445018808545,
s029,human,human,96,48,48,0.9583333333333334,0.0,661.4565217391304,0.8333333333333334,0.0,783.775,122.3184782608696,0.010560994183917765,92.6882352941177
s030,human,human,96,48,48,1.0,0.0,612.375,1.0,0.0,746.9166666666666,134.54166666666663,0.0567112086498527,
s031,human,human,96,48,48,0.9791666666666666,0.0,688.6382978723404,0.8958333333333334,0.020833333333333332,841.4651162790698,152.82681840672933,0.17168901012104135,-81.42499999999995
s032,human,human,96,48,48,1.0,0.0,565.6458333333334,1.0,0.0,718.6041666666666,152.95833333333326,0.07730293018724649,
s033,human,human,96,48,48,1.0,0.0,919.8125,0.8541666666666666,0.08333333333333333,999.0243902439024,79.21189024390242,0.02266432854351047,-49.36904761904759
s034,human,human,96,48,48,0.9791666666666666,0.0,616.2553191489362,0.8958333333333334,0.020833333333333332,793.0,176.74468085106378,0.15525600464853903,51.63863636363635
s035,human,human,96,48,48,0.9583333333333334,0.0,688.5,0.9791666666666666,0.0,749.7021276595744,61.202127659574444,0.08991757579625316,101.70289855072463
s036,human,human,96,48,48,0.9166666666666666,0.0,595.7045454545455,0.9583333333333334,0.0,658.5,62.795454545454504,-0.15957514437456674,235.91198501872668
s037,human,human,96,48,48,0.8958333333333334,0.0,593.8372093023256,0.7916666666666666,0.0,623.5526315789474,29.71542227662178,0.2642830639578663,6.969135802469168
s038,human,human,96,48,48,1.0,0.0,530.8125,0.9583333333333334,0.0,597.0869565217391,66.27445652173913,0.11408440266483741,91.27956989247309
s039,human,human,96,48,48,1.0,0.0,605.7083333333334,0.8958333333333334,0.020833333333333332,727.7441860465116,122.0358527131782,0.1371709582739636,27.674157303370748
s040,human,human,96,48,48,1.0,0.0,513.7708333333334,0.8958333333333334,0.0,780.3488372093024,266.578003875969,-0.05435417434996102,8.909340659340614
s041,human,human,96,48,48,1.0,0.0,697.8541666666666,1.0,0.0,785.9791666666666,88.125,0.011871596057053735,
s042,human,human,96,48,48,1.0,0.0,676.7083333333334,0.9583333333333334,0.020833333333333332,791.7391304347826,115.03079710144925,-0.028683689489189815,-63.880434782608745
s043,human,human,96,48,48,0.9166666666666666,0.041666666666666664,750.8636363636364,0.875,0.041666666666666664,876.5952380952381,125.7316017316017,-0.05555394628378287,-47.380487804878044
s044,human,human,96,48,48,0.9791666666666666,0.020833333333333332,876.5744680851063,0.8541666666666666,0.08333333333333333,992.5365853658536,115.9621172807473,0.1233667786492159,-69.35341365461841
s046,human,human,96,48,48,0.9791666666666666,0.0,646.8936170212766,0.9166666666666666,0.020833333333333332,802.0909090909091,155.19729206963257,0.06307430406927743,-84.39044943820227
s047,human,human,96,48,48,0.9375,0.0625,617.0,0.7708333333333334,0.0625,759.8918918918919,142.89189189189187,0.007557158897309478,24.337662337662323
s048,human,human,96,48,48,0.9583333333333334,0.041666666666666664,596.6521739130435,0.9375,0.0,639.5555555555555,42.903381642512045,0.07113034551901239,300.1590909090909
s049,human,human,96,48,48,0.9583333333333334,0.0,695.5652173913044,1.0,0.0,732.0625,36.49728260869563,0.09568910670390678,-106.04301075268813
s051,human,human,96,48,48,0.9791666666666666,0.0,643.3617021276596,0.8958333333333334,0.0,706.8372093023256,63.47550717466606,0.026921938113562558,-31.902621722846447
s052,human,human,96,48,48,1.0,0.0,605.5416666666666,0.9791666666666666,0.0,737.468085106383,131.92641843971637,-0.04773470020752911,366.6914893617021
s053,human,human,96,48,48,0.9791666666666666,0.0,633.9574468085107,0.9791666666666666,0.0,763.5744680851063,129.61702127659566,0.03664561966291853,223.3709677419355
s054,human,human,96,48,48,1.0,0.0,661.4791666666666,0.9375,0.0,786.5111111111111,125.03194444444443,-0.015732200963817125,-2.626811594202991
s055,human,human,96,48,48,0.9583333333333334,0.041666666666666664,629.8695652173913,0.9791666666666666,0.020833333333333332,682.063829787234,52.194264569842744,-0.11254666995498004,
s056,human,human,96,48,48,0.9791666666666666,0.0,625.5106382978723,0.9166666666666666,0.0,750.0681818181819,124.55754352030954,0.030452476528166666,156.4666666666667
s057,human,human,96,48,48,0.9583333333333334,0.0,637.7608695652174,0.8958333333333334,0.020833333333333332,765.7674418604652,128.0065722952478,0.004852809767352894,-159.4080459770115
s058,human,human,96,48,48,0.9791666666666666,0.0,595.6595744680851,0.9791666666666666,0.0,724.1063829787234,128.44680851063833,0.12689763106807703,208.81914893617022
s059,human,human,96,48,48,1.0,0.0,674.3125,0.9583333333333334,0.0,713.804347826087,39.491847826086996,-0.02859629847110112,130.4354838709677
s060,human,human,96,48,48,0.9791666666666666,0.0,510.63829787234044,0.9791666666666666,0.0,550.6595744680851,40.021276595744666,0.03991588859410989,-105.63440860215053
s062,human,human,96,48,48,0.9791666666666666,0.0,703.936170212766,0.9791666666666666,0.0,895.8510638297872,191.91489361702122,0.16530326342634746,116.51075268817203
s063,human,human,96,48,48,0.9791666666666666,0.0,561.6382978723404,1.0,0.0,620.1666666666666,58.528368794326184,0.10134566492981216,-82.07446808510633
s064,human,human,96,48,48,0.9583333333333334,0.0,544.5,0.9791666666666666,0.0,773.2553191489362,228.75531914893622,0.04267475682175834,11.333333333333371
s065,human,human,96,48,48,0.9583333333333334,0.020833333333333332,793.5434782608696,0.6666666666666666,0.020833333333333332,997.46875,203.92527173913038,0.031190591906198724,46.20877192982459
s066,human,human,96,48,48,1.0,0.0,790.4166666666666,0.9583333333333334,0.0,1033.0434782608695,242.62681159420288,0.07195958742394966,-55.61827956989248
s067,human,human,96,48,48,1.0,0.0,723.0208333333334,1.0,0.0,764.125,41.10416666666663,-0.1134617896033548,
s068,human,human,96,48,48,1.0,0.0,588.0625,1.0,0.0,747.3333333333334,159.27083333333337,-0.17192887699919263,
s069,human,human,96,48,48,1.0,0.0,601.0625,0.8958333333333334,0.041666666666666664,681.0,79.9375,-0.09223581516178342,33.93181818181813
s070,human,human,96,48,48,0.9583333333333334,0.0,723.1521739130435,0.9791666666666666,0.0,804.7021276595744,81.54995374653095,0.0100474046807277,21.12318840579701
s071,human,human,96,48,48,1.0,0.0,982.8125,0.9583333333333334,0.041666666666666664,1005.9565217391304,23.14402173913038,0.27932209949929826,
s073,human,human,96,48,48,0.9791666666666666,0.020833333333333332,753.4255319148937,0.7916666666666666,0.0,830.3947368421053,76.96920492721165,0.11780125870053015,-30.89277108433737
s074,human,human,96,48,48,1.0,0.0,644.4166666666666,0.9791666666666666,0.0,802.6808510638298,158.26418439716315,0.050510474660439654,2.8085106382978893
s075,human,human,96,48,48,0.9791666666666666,0.020833333333333332,742.3829787234042,0.9791666666666666,0.020833333333333332,942.1276595744681,199.7446808510639,-0.018045609020403613,
s076,human,human,96,48,48,1.0,0.0,652.7083333333334,0.8958333333333334,0.020833333333333332,843.3953488372093,190.68701550387595,0.18362491121761787,-217.69943820224717
s077,human,human,96,48,48,0.9791666666666666,0.020833333333333332,726.0851063829788,0.9791666666666666,0.0,853.1063829787234,127.02127659574467,-0.005976762202104062,338.0869565217391
s078,human,human,96,48,48,1.0,0.0,751.6458333333334,0.9583333333333334,0.020833333333333332,884.0,132.35416666666663,0.00858572407552041,40.46739130434787
s079,human,human,96,48,48,0.9166666666666666,0.020833333333333332,759.9772727272727,0.9375,0.0,901.9777777777778,142.000505050505,0.15054641460524684,-119.70689655172418
s080,human,human,96,48,48,0.9791666666666666,0.020833333333333332,669.3617021276596,0.9791666666666666,0.020833333333333332,718.8510638297872,49.48936170212767,0.05934631305843878,
s081,human,human,96,48,48,0.9583333333333334,0.0,682.304347826087,1.0,0.0,840.2291666666666,157.92481884057963,0.09761739935450114,-115.29032258064512
s082,human,human,96,48,48,1.0,0.0,664.2083333333334,0.9791666666666666,0.0,706.7872340425532,42.57890070921985,0.019212991551367853,165.6595744680851
s083,human,human,96,48,48,0.9583333333333334,0.020833333333333332,617.4347826086956,0.9166666666666666,0.0,737.2727272727273,119.83794466403162,0.0006885985406376928,63.0363636363636
s084,human,human,96,48,48,0.9791666666666666,0.0,556.8723404255319,0.9375,0.0,756.3555555555556,199.48321513002372,0.09022046214445685,181.23076923076928
s085,human,human,96,48,48,1.0,0.0,691.5,1.0,0.0,712.1875,20.6875,-0.09436454897622569,
s086,human,human,96,48,48,0.9791666666666666,0.020833333333333332,926.5106382978723,0.8125,0.125,1086.5384615384614,160.0278232405891,-0.09338573810858472,29.37974683544303
s087,human,human,96,48,48,1.0,0.0,689.125,1.0,0.0,950.4166666666666,261.29166666666663,-0.1334955283814915,
s088,human,human,96,48,48,1.0,0.0,621.8541666666666,1.0,0.0,707.2291666666666,85.375,-0.004817926073339189,
s089,human,human,96,48,48,1.0,0.0,834.625,0.8958333333333334,0.020833333333333332,979.6744186046511,145.04941860465112,0.16949908576403486,38.435393258426984
s090,human,human,96,48,48,1.0,0.0,657.0833333333334,0.8958333333333334,0.020833333333333332,903.7209302325581,246.63759689922472,0.1730562915027986,253.62078651685397
s091,human,human,96,48,48,1.0,0.0,647.4375,1.0,0.0,723.2708333333334,75.83333333333337,0.09056113105628465,
s092,human,human,96,48,48,1.0,0.0,683.3541666666666,0.8333333333333334,0.041666666666666664,819.875,136.52083333333337,0.18540109686596937,-156.31627906976746
s093,human,human,96,48,48,1.0,0.0,651.625,0.9791666666666666,0.0,657.5531914893617,5.928191489361666,0.1313043192028132,65.57446808510633
s094,human,human,96,48,48,1.0,0.0,489.7083333333333,0.9583333333333334,0.0,576.3478260869565,86.63949275362319,0.07108589061581212,277.4086021505376
s095,human,human,96,48,48,1.0,0.0,724.3333333333334,0.9791666666666666,0.0,755.4468085106383,31.113475177304963,0.1602668329103922,404.2872340425532
s096,human,human,96,48,48,1.0,0.0,718.7916666666666,0.9791666666666666,0.0,825.1276595744681,106.33599290780148,-0.012655787144737076,-127.76595744680856
s097,human,human,96,48,48,1.0,0.0,656.8333333333334,1.0,0.0,759.9583333333334,103.125,-0.0339291107607092,
s098,human,human,96,48,48,0.9791666666666666,0.0,815.8297872340426,0.9375,0.020833333333333332,876.5333333333333,60.70354609929075,-0.13841095642438386,66.9666666666667
s099,human,human,96,48,48,0.9791666666666666,0.0,586.063829787234,0.9375,0.0,676.6666666666666,90.60283687943263,0.23929864508733878,-61.25824175824175
s100,human,human,96,48,48,1.0,0.0,790.7708333333334,0.9166666666666666,0.020833333333333332,851.8181818181819,61.0473484848485,0.04433868445493067,-79.01111111111106
s101,human,human,96,48,48,1.0,0.0,651.8958333333334,0.9791666666666666,0.0,754.8723404255319,102.97650709219852,0.07232837780187525,58.54255319148933
s102,human,human,96,48,48,0.9166666666666666,0.0,622.4545454545455,0.9166666666666666,0.020833333333333332,623.0227272727273,0.5681818181817562,0.05929589050945138,-68.57641196013299
s103,human,human,96,48,48,1.0,0.0,700.7916666666666,0.9375,0.020833333333333332,858.1111111111111,157.31944444444446,0.07919281985284998,68.35164835164835
s105,human,human,96,48,48,0.9791666666666666,0.020833333333333332,723.2765957446809,0.875,0.020833333333333332,854.1666666666666,130.89007092198574,0.04837521134907122,109.44186046511629
s106,human,human,96,48,48,0.9583333333333334,0.041666666666666664,593.8695652173913,0.9583333333333334,0.0,720.1739130434783,126.304347826087,0.19027117918474076,-10.95555555555552
s107,human,human,96,48,48,0.9583333333333334,0.020833333333333332,661.6304347826087,0.9583333333333334,0.041666666666666664,705.6086956521739,43.97826086956513,0.13025938397626516,53.75
s108,human,human,96,48,48,1.0,0.0,738.875,0.9791666666666666,0.0,807.1276595744681,68.25265957446811,0.05059482499981949,123.38297872340422
s109,human,human,96,48,48,0.9166666666666666,0.0625,815.7727272727273,0.8541666666666666,0.08333333333333333,936.9268292682926,121.15410199556538,0.05520157083583325,27.12179487179492
s110,human,human,96,48,48,0.9583333333333334,0.0,549.6086956521739,0.875,0.0,732.1904761904761,182.58178053830227,0.03838095422672383,18.0
s111,human,human,96,48,48,0.9791666666666666,0.020833333333333332,712.063829787234,0.8333333333333334,0.041666666666666664,788.85,76.78617021276602,0.08855048229072235,174.56425702811237
s112,human,human,96,48,48,1.0,0.0,638.3125,1.0,0.0,776.125,137.8125,0.11191966778889471,
s113,human,human,96,48,48,0.9791666666666666,0.0,559.2765957446809,0.9375,0.0,618.6444444444444,59.3678486997635,-0.09329088993267229,98.06868131868134
s114,human,human,96,48,48,1.0,0.0,549.9583333333334,1.0,0.0,654.7708333333334,104.8125,0.059234625597595604,
s115,human,human,96,48,48,0.9791666666666666,0.0,563.3191489361702,0.9583333333333334,0.0,665.0434782608696,101.7243293246994,0.09815593904642052,185.623188405797
s116,human,human,96,48,48,1.0,0.0,609.6875,0.9791666666666666,0.0,743.2765957446809,133.5890957446809,0.17740180383710416,450.968085106383
s117,human,human,96,48,48,1.0,0.0,617.4583333333334,0.8333333333333334,0.0,762.175,144.71666666666658,0.15422924067638577,11.150862068965466
s118,human,human,96,48,48,0.9375,0.041666666666666664,637.1555555555556,0.9166666666666666,0.020833333333333332,779.7954545454545,142.63989898989894,0.04421452512902653,135.64117647058822
s119,human,human,96,48,48,0.9791666666666666,0.020833333333333332,729.2765957446809,0.7916666666666666,0.10416666666666667,861.4736842105264,132.19708846584547,0.12528935106175002,-64.00512820512813
s120,human,human,96,48,48,0.9166666666666666,0.0,524.2272727272727,0.8125,0.0,665.8205128205128,141.59324009324007,0.26249958732013395,99.55321285140565
s121,human,human,96,48,48,0.9791666666666666,0.020833333333333332,673.1489361702128,0.8541666666666666,0.0,813.7073170731708,140.558380902958,0.08595850822734219,-29.149501661129534
s122,human,human,96,48,48,0.9791666666666666,0.0,678.0425531914893,0.9791666666666666,0.0,776.7872340425532,98.74468085106389,0.26607670691399693,280.43010752688167
s123,human,human,96,48,48,1.0,0.0,540.2916666666666,0.875,0.0,696.6666666666666,156.375,0.016574776740015316,154.16479400749063
s124,human,human,96,48,48,1.0,0.0,661.5416666666666,0.9791666666666666,0.0,845.5106382978723,183.9689716312057,0.1266712765539932,104.61702127659578
s125,human,human,96,48,48,0.9583333333333334,0.0,703.7826086956521,0.875,0.020833333333333332,885.5,181.71739130434787,0.18988044190100603,153.4468438538205
s126,human,human,96,48,48,1.0,0.0,620.5625,0.9375,0.0,601.7333333333333,-18.82916666666665,0.11084169962885866,48.24275362318838
s127,human,human,96,48,48,0.9791666666666666,0.020833333333333332,646.7021276595744,0.7916666666666666,0.020833333333333332,873.3157894736842,226.61366181410972,0.0647043382881992,-16.567771084337323
s128,human,human,96,48,48,1.0,0.0,566.5416666666666,0.9166666666666666,0.0,715.6363636363636,149.094696969697,0.3199864944727154,-31.98626373626371
s129,human,human,96,48,48,0.9375,0.0,686.1111111111111,0.9375,0.020833333333333332,837.6222222222223,151.51111111111118,0.06927782956348513,-141.15909090909088
s130,human,human,96,48,48,1.0,0.0,487.3125,0.9375,0.0,533.5333333333333,46.2208333333333,-0.013752332656796228,166.77536231884056
s131,human,human,96,48,48,0.8541666666666666,0.0,885.829268292683,0.9375,0.020833333333333332,1113.2666666666667,227.43739837398368,-0.02867876420393872,62.59523809523819
s132,human,human,96,48,48,0.9791666666666666,0.0,647.8936170212766,1.0,0.0,747.0208333333334,99.12721631205682,0.1083579039194336,100.52127659574467
s133,human,human,96,48,48,0.9791666666666666,0.0,598.6595744680851,0.9791666666666666,0.0,759.2978723404256,160.63829787234044,-0.07726033500240329,187.752688172043
s134,human,human,96,48,48,1.0,0.0,860.375,0.9166666666666666,0.020833333333333332,959.4772727272727,99.10227272727275,0.18184959872651263,246.13186813186815
s135,human,human,96,48,48,0.9791666666666666,0.0,725.2127659574468,0.875,0.08333333333333333,797.047619047619,71.83485309017226,0.21621401407367236,-177.0581395348837
s136,human,human,96,48,48,1.0,0.0,661.6041666666666,1.0,0.0,769.7291666666666,108.125,0.1517377776221585,
s138,human,human,96,48,48,0.9791666666666666,0.0,554.1063829787234,0.9791666666666666,0.0,666.2127659574468,112.10638297872333,0.4572813019399501,19.940860215053817
s139,human,human,96,48,48,1.0,0.0,635.0,0.9583333333333334,0.0,698.195652173913,63.195652173913004,0.22390816966936064,128.5967741935484
s140,human,human,96,48,48,1.0,0.0,613.4375,0.9583333333333334,0.020833333333333332,773.9347826086956,160.49728260869563,0.2770001865128484,-86.58695652173913
s141,human,human,96,48,48,0.9791666666666666,0.020833333333333332,670.2978723404256,0.8958333333333334,0.0,821.5813953488372,151.28352300841163,0.20687928349321164,-95.56136363636358
s142,human,human,96,48,48,1.0,0.0,569.8125,0.9375,0.020833333333333332,706.5777777777778,136.76527777777778,0.031188910838088356,-18.175824175824232
s143,human,human,96,48,48,0.9583333333333334,0.020833333333333332,772.5,0.6458333333333334,0.125,913.4193548387096,140.91935483870964,-0.046351597631769964,100.71830985915494
s144,human,human,96,48,48,0.9791666666666666,0.0,589.9574468085107,1.0,0.0,617.4375,27.480053191489333,-0.12265753548493577,-0.41489361702122096
s145,human,human,96,48,48,0.9583333333333334,0.020833333333333332,686.3913043478261,0.7708333333333334,0.020833333333333332,748.2972972972973,61.90599294947117,0.2565556735411695,46.2603815937149
s146,human,human,96,48,48,1.0,0.0,789.2916666666666,1.0,0.0,864.5833333333334,75.29166666666674,-0.200568178332084,
s147,human,human,96,48,48,1.0,0.0,597.9583333333334,0.9166666666666666,0.041666666666666664,766.6136363636364,168.655303030303,0.2831391164430884,109.08988764044943
s149,human,human,96,48,48,1.0,0.0,760.8958333333334,1.0,0.0,853.9166666666666,93.02083333333326,-0.08333874425903434,
s150,human,human,96,48,48,0.9791666666666666,0.0,760.0,0.9375,0.020833333333333332,832.2666666666667,72.26666666666665,0.10387164297533737,222.12222222222226
s151,human,human,96,48,48,0.9375,0.0,619.0444444444445,0.8958333333333334,0.0,649.5116279069767,30.46718346253226,-0.22334911453923176,72.13505747126442
s152,human,human,96,48,48,1.0,0.0,594.6875,0.9583333333333334,0.020833333333333332,699.5,104.8125,-0.018222053134676862,-64.51086956521738
s153,human,human,96,48,48,0.9791666666666666,0.0,593.7446808510638,0.8958333333333334,0.0,725.4186046511628,131.67392380009903,-0.014328124744907607,0.6067415730336734
s154,human,human,96,48,48,0.9791666666666666,0.0,722.4255319148937,0.9583333333333334,0.0,869.9565217391304,147.5309898242367,0.12650081983583814,-46.26086956521738
s155,human,human,96,48,48,0.9375,0.0,739.8,0.9375,0.020833333333333332,763.8444444444444,24.04444444444448,0.11753217662261231,122.4477272727272
s156,human,human,96,48,48,0.9791666666666666,0.0,639.7446808510638,0.8541666666666666,0.0,761.0975609756098,121.352880124546,0.2071303399450929,21.018678160919535
s157,human,human,96,48,48,1.0,0.0,890.1875,0.9791666666666666,0.0,1104.7446808510638,214.55718085106378,-0.0018915141800223694,-39.23404255319144
s158,human,human,96,48,48,0.9791666666666666,0.0,610.0212765957447,0.9791666666666666,0.0,746.1702127659574,136.14893617021278,0.34847177707531785,273.5913978494624
s160,human,human,96,48,48,0.9375,0.0,588.4666666666667,0.9166666666666666,0.020833333333333332,728.9545454545455,140.4878787878788,0.057197047430869744,309.04022988505744
s161,human,human,96,48,48,0.9166666666666666,0.020833333333333332,774.0,0.9375,0.020833333333333332,861.5777777777778,87.57777777777778,0.16507097524759207,158.24425287356325
s162,human,human,96,48,48,1.0,0.0,507.125,0.9583333333333334,0.0,623.5,116.375,0.020655049365943798,195.80107526881716
s163,human,human,96,48,48,0.9166666666666666,0.020833333333333332,1190.1818181818182,0.8333333333333334,0.125,1220.775,30.593181818181847,0.030478836884001867,155.6461038961038
s165,human,human,96,48,48,0.9791666666666666,0.0,804.6808510638298,1.0,0.0,959.4166666666666,154.73581560283685,-0.00986222316413042,-209.95744680851067
s166,human,human,96,48,48,0.9583333333333334,0.020833333333333332,682.7826086956521,0.875,0.041666666666666664,843.8571428571429,161.07453416149076,-0.06503043412181447,32.83571428571429
s167,human,human,96,48,48,0.9791666666666666,0.0,612.468085106383,0.875,0.020833333333333332,779.6666666666666,167.19858156028363,-0.13104638361965887,-0.04597701149430122
s168,human,human,96,48,48,1.0,0.0,541.9583333333334,0.9583333333333334,0.0,671.5434782608696,129.58514492753625,0.012114144981930981,18.064516129032313
s169,human,human,96,48,48,0.9791666666666666,0.0,697.0212765957447,0.9375,0.0,872.2666666666667,175.24539007092199,0.1276764218477068,53.25824175824175
s170,human,human,96,48,48,1.0,0.0,718.4791666666666,0.875,0.020833333333333332,953.0714285714286,234.59226190476193,0.14958077263214606,57.030898876404535
s171,human,human,96,48,48,1.0,0.0,722.4791666666666,0.9583333333333334,0.0,759.4130434782609,36.933876811594246,-0.05223711809624276,152.94086021505382
s172,human,human,96,48,48,1.0,0.0,675.9166666666666,0.8958333333333334,0.020833333333333332,912.9069767441861,236.99031007751944,0.2449231195393564,75.47752808988764
s173,human,human,96,48,48,0.9791666666666666,0.0,590.7021276595744,0.9791666666666666,0.0,649.9574468085107,59.25531914893622,0.36994902231628723,36.12903225806451
s174,human,human,96,48,48,1.0,0.0,969.9791666666666,0.8125,0.08333333333333333,1134.076923076923,164.09775641025647,-0.05474352717742313,118.15963855421683
s175,human,human,96,48,48,0.9791666666666666,0.0,624.2127659574468,0.9791666666666666,0.0,629.7446808510638,5.5319148936169995,0.08044559129077059,77.21505376344089
s176,human,human,96,48,48,0.9791666666666666,0.0,632.7446808510638,0.8958333333333334,0.020833333333333332,841.4883720930233,208.74369124195948,0.10091087276058858,99.6613636363636
s177,human,human,96,48,48,1.0,0.0,613.375,0.9375,0.0,739.0888888888888,125.71388888888885,0.1053355569774391,105.13043478260875
s178,human,human,96,48,48,0.9791666666666666,0.0,717.8936170212766,0.9375,0.020833333333333332,875.5111111111111,157.6174940898345,0.08413681424132906,104.20000000000005
s179,human,human,96,48,48,0.9791666666666666,0.0,654.4255319148937,0.9166666666666666,0.020833333333333332,685.3409090909091,30.915377176015454,0.02843672999533648,155.13483146067415
s180,human,human,96,48,48,0.9791666666666666,0.020833333333333332,725.2978723404256,0.7916666666666666,0.020833333333333332,892.2105263157895,166.91265397536392,0.06947794372405246,23.872628726287303
s181,human,human,96,48,48,0.8958333333333334,0.0625,701.9302325581396,0.6875,0.08333333333333333,930.1515151515151,228.22128259337558,-0.02772167843029594,182.68055555555554
s182,human,human,96,48,48,0.9791666666666666,0.0,752.7234042553191,0.8333333333333334,0.041666666666666664,861.575,108.85159574468094,-0.0007248535992714423,-61.08333333333337
s183,human,human,96,48,48,0.9791666666666666,0.0,635.8510638297872,0.9583333333333334,0.0,754.3260869565217,118.47502312673453,0.10313641265764452,174.6159420289855
s184,human,human,96,48,48,1.0,0.0,614.1041666666666,0.9583333333333334,0.0,639.5217391304348,25.417572463768124,0.2825440079308386,82.26344086021504
s185,human,human,96,48,48,1.0,0.0,618.7083333333334,0.9791666666666666,0.0,735.063829787234,116.35549645390063,0.145791747201923,179.8404255319149
s186,human,human,96,48,48,0.9791666666666666,0.0,639.0,0.875,0.0,772.1428571428571,133.1428571428571,-0.02372886971461443,91.49512987012986
s187,human,human,96,48,48,1.0,0.0,800.7708333333334,0.9583333333333334,0.0,978.8260869565217,178.05525362318838,0.13076029783781515,112.46236559139788
s188,human,human,96,48,48,1.0,0.0,544.7083333333334,0.9375,0.0,650.4222222222222,105.71388888888885,0.18300741059506706,107.27173913043475
s189,human,human,96,48,48,0.9583333333333334,0.020833333333333332,649.5217391304348,0.9583333333333334,0.0,699.0217391304348,49.5,0.18901604265894742,-12.555555555555543
s190,human,human,96,48,48,1.0,0.0,596.5625,0.9583333333333334,0.0,717.6521739130435,121.0896739130435,0.4115032823660921,303.6182795698925
s191,human,human,96,48,48,0.9583333333333334,0.0,762.3913043478261,0.7708333333333334,0.10416666666666667,881.7567567567568,119.36545240893065,0.05686288865548563,58.01098901098908
s192,human,human,96,48,48,0.9791666666666666,0.020833333333333332,569.8297872340426,0.9583333333333334,0.0,656.5434782608696,86.71369102682706,0.0611865901946828,-107.93478260869563
s193,human,human,96,48,48,1.0,0.0,721.9166666666666,0.9583333333333334,0.0,818.9565217391304,97.03985507246375,0.13113972708293417,109.69892473118284
s194,human,human,96,48,48,1.0,0.0,619.6458333333334,0.9791666666666666,0.0,718.4468085106383,98.80097517730496,-0.12440076679084514,140.68085106382978
s195,human,human,96,48,48,1.0,0.0,673.25,0.9583333333333334,0.0,741.695652173913,68.445652173913,0.27938159874649693,415.5376344086021
s196,human,human,96,48,48,0.9583333333333334,0.0,672.1086956521739,0.9583333333333334,0.020833333333333332,765.3913043478261,93.28260869565224,-0.13357046531380462,522.3901098901099
s197,human,human,96,48,48,0.9583333333333334,0.0,755.6086956521739,0.9583333333333334,0.0,835.5869565217391,79.97826086956525,0.20827166777413444,346.07417582417577
s198,human,human,96,48,48,0.9583333333333334,0.020833333333333332,634.4565217391304,0.9583333333333334,0.020833333333333332,724.5,90.04347826086962,-0.0711053774124816,151.12921348314603
s199,human,human,96,48,48,1.0,0.0,548.125,0.9583333333333334,0.0,671.0434782608696,122.91847826086962,0.007603903213872713,65.16129032258061
s200,human,human,96,48,48,0.9583333333333334,0.020833333333333332,587.7391304347826,0.9583333333333334,0.020833333333333332,835.4782608695652,247.73913043478262,0.020451483389048484,-105.25280898876406
s201,human,human,96,48,48,0.9791666666666666,0.0,666.9787234042553,0.9791666666666666,0.0,800.5106382978723,133.531914893617,0.17423582183021924,-9.311827956989191
s202,human,human,96,48,48,1.0,0.0,578.3333333333334,1.0,0.0,683.2083333333334,104.875,-0.09939115311764565,
s203,human,human,96,48,48,0.9791666666666666,0.0,705.8510638297872,0.875,0.041666666666666664,803.9285714285714,98.07750759878422,-0.06545799704712787,45.225581395348854
s204,human,human,96,48,48,0.9791666666666666,0.0,621.063829787234,0.9166666666666666,0.0,803.0681818181819,182.00435203094787,0.2391636810203324,-58.58888888888896
s205,human,human,96,48,48,1.0,0.0,576.9791666666666,0.9583333333333334,0.0,764.7826086956521,187.8034420289855,-0.04226093054357073,441.7204301075269
s206,human,human,96,48,48,1.0,0.0,536.2708333333334,0.875,0.020833333333333332,600.3333333333334,64.0625,-0.039716634894402074,53.5
s207,human,human,96,48,48,1.0,0.0,559.2291666666666,0.9583333333333334,0.0,625.0217391304348,65.79257246376812,0.35968699366811785,-10.0322580645161
s208,human,human,96,48,48,0.9791666666666666,0.020833333333333332,632.0212765957447,1.0,0.0,826.0208333333334,193.9995567375887,0.14785991412268676,
s209,human,human,96,48,48,0.9791666666666666,0.0,605.9787234042553,0.8541666666666666,0.041666666666666664,784.8536585365854,178.87493513233005,-0.17107250916385322,24.849019607843047
s210,human,human,96,48,48,1.0,0.0,657.8333333333334,0.9583333333333334,0.0,745.2173913043479,87.3840579710145,-0.13112549358107384,81.30107526881716
s211,human,human,96,48,48,0.9583333333333334,0.020833333333333332,780.6521739130435,0.7916666666666666,0.08333333333333333,858.6052631578947,77.95308924485118,0.05121101124101987,-40.716117216117254
s212,human,human,96,48,48,1.0,0.0,728.4375,0.9375,0.041666666666666664,810.6444444444444,82.20694444444439,-0.13680824761453983,232.97777777777776
s213,human,human,96,48,48,0.9583333333333334,0.020833333333333332,640.6086956521739,0.8125,0.020833333333333332,790.1538461538462,149.5451505016723,0.1732908142247842,7.891566265060192
s214,human,human,96,48,48,1.0,0.0,650.1041666666666,0.9791666666666666,0.0,973.8936170212766,323.7894503546099,0.03651909030445166,-309.2872340425532
s215,human,human,96,48,48,1.0,0.0,768.375,0.9583333333333334,0.0,933.5434782608696,165.16847826086962,-0.023500754913733036,-77.20967741935488
s216,human,human,96,48,48,0.9583333333333334,0.0,678.3695652173913,0.9583333333333334,0.0,894.195652173913,215.82608695652175,-0.04471729961135665,-143.7664835164835
s217,human,human,96,48,48,1.0,0.0,729.7083333333334,0.9791666666666666,0.0,843.468085106383,113.75975177304963,0.026280558004863338,26.27659574468089
s218,human,human,96,48,48,0.9791666666666666,0.020833333333333332,743.8723404255319,0.8333333333333334,0.08333333333333333,827.1,83.22765957446813,0.16282372932502295,197.27439024390242
s219,human,human,96,48,48,0.9791666666666666,0.0,692.7872340425532,0.9791666666666666,0.0,733.1063829787234,40.31914893617022,0.16290317037315585,257.1236559139785
s220,human,human,96,48,48,1.0,0.0,672.3958333333334,0.9166666666666666,0.0,868.0681818181819,195.6723484848485,0.0012170125274557704,216.11813186813185
s221,human,human,96,48,48,0.9791666666666666,0.020833333333333332,576.9148936170212,1.0,0.0,615.25,38.33510638297878,-0.09900529624443577,
s222,human,human,96,48,48,1.0,0.0,639.5416666666666,0.9583333333333334,0.0,728.9782608695652,89.43659420289862,0.17335580970392303,-133.02688172043008
s223,human,human,96,48,48,0.9583333333333334,0.020833333333333332,716.3695652173913,0.875,0.020833333333333332,839.3333333333334,122.96376811594212,-0.05696578504350777,104.02558139534892
s224,human,human,96,48,48,0.8958333333333334,0.0,624.6744186046511,0.9583333333333334,0.0,753.5652173913044,128.89079878665325,0.017401674805193636,25.780844155844193
s225,human,human,96,48,48,1.0,0.0,689.5625,1.0,0.0,827.75,138.1875,-0.045867034638495556,
s226,human,human,96,48,48,1.0,0.0,564.3541666666666,0.9791666666666666,0.020833333333333332,734.2978723404256,169.94370567375893,0.3073556251658466,
s227,human,human,96,48,48,0.8958333333333334,0.0,495.7674418604651,0.9375,0.0,541.0444444444445,45.27700258397937,-0.12333829869610043,34.02155172413791
s228,human,human,96,48,48,0.9791666666666666,0.0,641.4042553191489,0.8125,0.020833333333333332,904.4102564102565,263.0060010911076,-0.18569469942919092,28.198412698412653
s229,human,human,96,48,48,0.9791666666666666,0.0,542.3829787234042,0.9583333333333334,0.0,702.1739130434783,159.79093432007403,0.1505908115750762,-52.63768115942037
s230,human,human,96,48,48,0.9791666666666666,0.0,608.1063829787234,0.9583333333333334,0.020833333333333332,761.1521739130435,153.04579093432005,0.11814686790649873,-208.79347826086962
s231,human,human,96,48,48,1.0,0.0,726.4166666666666,0.9791666666666666,0.020833333333333332,816.8297872340426,90.41312056737593,0.17774959162239207,
s232,human,human,96,48,48,0.9375,0.0,673.8,0.9791666666666666,0.0,756.8297872340426,83.0297872340426,0.20722563176559886,120.4021739130435
s233,human,human,96,48,48,1.0,0.0,761.5625,0.8125,0.10416666666666667,1039.2051282051282,277.6426282051282,-0.053394959413674725,-51.103658536585385
s234,human,human,96,48,48,0.9583333333333334,0.0,700.0217391304348,0.5625,0.0625,868.3703703703703,168.34863123993557,0.02867110272740675,35.53684210526308
s235,human,human,96,48,48,0.9166666666666666,0.041666666666666664,801.4772727272727,0.8125,0.041666666666666664,869.8717948717949,68.39452214452217,-0.00234512244775848,109.19462025316454
s236,human,human,96,48,48,0.9791666666666666,0.0,651.5744680851063,0.9375,0.0,762.6888888888889,111.11442080378254,-0.019719779161344507,91.82142857142856
s237,human,human,96,48,48,0.9791666666666666,0.0,620.7234042553191,0.9791666666666666,0.020833333333333332,766.4255319148937,145.70212765957456,0.012473344743722688,-7.217391304347871
s238,human,human,96,48,48,0.9791666666666666,0.020833333333333332,818.6595744680851,0.8958333333333334,0.041666666666666664,898.4651162790698,79.80554181098466,0.043972895167064895,231.33333333333326
s239,human,human,96,48,48,0.9791666666666666,0.020833333333333332,622.6595744680851,0.875,0.041666666666666664,807.6428571428571,184.983282674772,0.13083549194672286,79.919540229885
s240,human,human,96,48,48,0.9375,0.020833333333333332,507.15555555555557,0.9375,0.0,606.4444444444445,99.28888888888889,0.03108516719780284,7.927272727272793
s241,human,human,96,48,48,0.9791666666666666,0.0,609.2978723404256,0.9583333333333334,0.0,753.3913043478261,144.09343200740057,0.08134140721121935,429.8478260869565
s242,human,human,96,48,48,0.8958333333333334,0.0,676.1395348837209,0.8333333333333334,0.020833333333333332,726.35,50.210465116279124,0.22964601353266065,96.51330376940143
s243,human,human,96,48,48,1.0,0.0,619.4583333333334,0.9166666666666666,0.020833333333333332,750.1590909090909,130.7007575757575,0.32228142186124337,107.41111111111115
s244,human,human,96,48,48,0.9791666666666666,0.0,777.1489361702128,0.9791666666666666,0.0,937.3617021276596,160.21276595744678,0.14082666982929865,587.2021276595744
s245,human,human,96,48,48,0.8958333333333334,0.0625,685.8139534883721,0.8541666666666666,0.0,832.219512195122,146.40555870674984,-0.07276402294061657,113.58472222222213
s246,human,human,96,48,48,1.0,0.0,705.8333333333334,1.0,0.0,778.5416666666666,72.70833333333326,0.17607060259019214,
s247,human,human,96,48,48,1.0,0.0,827.3541666666666,0.9791666666666666,0.0,953.8085106382979,126.45434397163126,0.1242972882359723,-90.45744680851067
s248,human,human,96,48,48,0.9791666666666666,0.0,791.3404255319149,0.9375,0.020833333333333332,873.9777777777778,82.63735224586287,0.13764890365122653,141.34444444444443
s249,human,human,96,48,48,0.9583333333333334,0.0,733.2608695652174,0.8541666666666666,0.0,862.7073170731708,129.4464475079534,-0.09724321439036286,10.465116279069775
s250,human,human,96,48,48,0.9791666666666666,0.0,523.3404255319149,0.8958333333333334,0.0,595.953488372093,72.61306284017815,0.06117664197778776,19.64419475655427
s251,human,human,96,48,48,0.9375,0.0,750.0222222222222,0.7916666666666666,0.10416666666666667,1000.3421052631579,250.31988304093568,0.10873288141965207,168.04029304029302
s252,human,human,96,48,48,0.8958333333333334,0.020833333333333332,495.2325581395349,0.8333333333333334,0.0,561.4,66.16744186046509,0.17873072653854977,10.327160493827137
s253,human,human,96,48,48,1.0,0.0,692.125,0.9583333333333334,0.0,831.6521739130435,139.5271739130435,0.18952681962517812,-99.48387096774195
s254,human,human,96,48,48,1.0,0.0,577.4166666666666,1.0,0.0,711.5208333333334,134.10416666666674,0.06769615932286392,
s255,human,human,96,48,48,1.0,0.0,580.125,1.0,0.0,694.9583333333334,114.83333333333337,0.05592928987753246,
s256,human,human,96,48,48,1.0,0.0,650.25,0.9375,0.020833333333333332,728.2222222222222,77.97222222222217,0.11065907454108662,-42.5934065934066
s257,human,human,96,48,48,1.0,0.0,683.8541666666666,0.9583333333333334,0.0,759.7826086956521,75.9284420289855,0.14821756841947006,22.010752688172033
s258,human,human,96,48,48,0.875,0.0625,681.0,0.8125,0.10416666666666667,839.1025641025641,158.1025641025641,0.32655848792674114,-49.467532467532465
s259,human,human,96,48,48,0.9583333333333334,0.0,644.1739130434783,0.7291666666666666,0.041666666666666664,862.0571428571428,217.88322981366457,-0.09700276052837788,31.730769230769283
s260,human,human,96,48,48,1.0,0.0,704.1875,1.0,0.0,828.75,124.5625,0.2691060214640228,
s261,human,human,96,48,48,0.8958333333333334,0.0625,784.4186046511628,0.875,0.0625,846.547619047619,62.12901439645623,0.14283308236980174,343.5923076923078
s262,human,human,96,48,48,0.9375,0.041666666666666664,795.4444444444445,0.8541666666666666,0.08333333333333333,1027.4146341463415,231.97018970189708,-0.0034568246460381434,4.463414634146375
s263,human,human,96,48,48,0.9375,0.0,742.4,0.8958333333333334,0.0,919.3255813953489,176.9255813953489,0.15383427512655368,116.5689655172414
s264,human,human,96,48,48,0.9791666666666666,0.0,772.8723404255319,0.9583333333333334,0.0,938.5434782608696,165.67113783533773,0.0623848567906414,-46.804347826086996
s265,human,human,96,48,48,0.9791666666666666,0.0,727.936170212766,0.9375,0.020833333333333332,969.8222222222222,241.8860520094562,-0.0017821460295746577,-146.3222222222223
s266,human,human,96,48,48,1.0,0.0,682.8333333333334,0.9583333333333334,0.0,799.695652173913,116.86231884057963,0.08919254106457908,-16.88172043010752
s267,human,human,96,48,48,1.0,0.0,782.9375,0.8541666666666666,0.0625,1042.9024390243903,259.96493902439033,0.14499461354848428,78.15294117647056
s268,human,human,96,48,48,1.0,0.0,608.3333333333334,0.9375,0.0,796.1555555555556,187.8222222222222,0.08483324469119681,78.15579710144925
s269,human,human,96,48,48,0.9583333333333334,0.0,692.5434782608696,0.8333333333333334,0.0,837.325,144.78152173913043,0.13168776422460343,-22.5891472868218
s270,human,human,96,48,48,1.0,0.0,571.2291666666666,0.8958333333333334,0.0,791.6744186046511,220.4452519379845,-0.07571880961536318,7.633333333333326
s271,human,human,96,48,48,1.0,0.0,617.125,0.9583333333333334,0.020833333333333332,649.0434782608696,31.91847826086962,0.03618417342992425,-20.195652173913004
s272,human,human,96,48,48,0.8541666666666666,0.08333333333333333,799.0243902439024,0.8541666666666666,0.0625,907.8536585365854,108.82926829268297,0.45498390909832237,-37.598901098901024
s273,human,human,96,48,48,1.0,0.0,755.3958333333334,0.9791666666666666,0.0,891.9148936170212,136.51906028368785,0.15972789876634708,499.436170212766
s274,human,human,96,48,48,1.0,0.0,551.5208333333334,1.0,0.0,619.6458333333334,68.125,0.01684081683560293,
s275,human,human,96,48,48,0.8125,0.020833333333333332,703.0,0.8958333333333334,0.0,879.1627906976744,176.16279069767438,0.050477047425928435,13.475308641975289
s276,human,human,96,48,48,0.9791666666666666,0.0,584.2553191489362,0.9791666666666666,0.0,652.9574468085107,68.70212765957444,0.24748829355096444,154.68085106382978
s277,human,human,96,48,48,0.9791666666666666,0.0,467.93617021276594,0.8333333333333334,0.0,636.1,168.16382978723408,0.22374317092585738,-39.312661498707996
s278,human,human,96,48,48,1.0,0.0,539.9166666666666,0.8958333333333334,0.0,593.8604651162791,53.94379844961247,0.0458314946434371,55.27777777777783
s279,human,human,96,48,48,0.9583333333333334,0.020833333333333332,792.1739130434783,0.8541666666666666,0.0625,933.4878048780488,141.31389183457054,0.049304757896248115,80.89999999999998
s280,human,human,96,48,48,1.0,0.0,725.1666666666666,0.9583333333333334,0.0,818.5217391304348,93.35507246376812,0.003413402441652425,75.81182795698919
s282,human,human,96,48,48,0.875,0.0,588.7142857142857,0.5625,0.020833333333333332,681.3333333333334,92.6190476190477,0.12137251298633993,82.19529411764711
s283,human,human,96,48,48,1.0,0.0,715.3333333333334,0.9583333333333334,0.0,880.5652173913044,165.231884057971,0.18547568205727333,-90.68279569892468
s284,human,human,96,48,48,0.9375,0.0625,746.3777777777777,0.9166666666666666,0.041666666666666664,926.6818181818181,180.3040404040404,-0.03799138844987788,-97.60240963855426
s285,human,human,96,48,48,1.0,0.0,867.0833333333334,0.9583333333333334,0.020833333333333332,1074.2608695652175,207.17753623188412,-0.023256428971593905,320.77173913043475
s286,human,human,96,48,48,0.9791666666666666,0.0,772.6595744680851,0.9375,0.0,874.4888888888889,101.82931442080383,0.12547977248365455,-5.879120879120933
s288,human,human,96,48,48,1.0,0.0,486.0208333333333,0.8333333333333334,0.0,513.6,27.57916666666671,0.23259102503864945,60.008620689655174
s289,human,human,96,48,48,0.8333333333333334,0.08333333333333333,675.875,0.7291666666666666,0.10416666666666667,763.3714285714286,87.49642857142862,0.34041967340304774,70.25252525252529
s290,human,human,96,48,48,1.0,0.0,537.4791666666666,0.8333333333333334,0.020833333333333332,666.675,129.19583333333333,0.2436681579111405,21.450166112956822
s291,human,human,96,48,48,0.9583333333333334,0.020833333333333332,749.8260869565217,1.0,0.0,772.3125,22.48641304347825,0.2655882733393214,-63.72826086956525
s292,human,human,96,48,48,0.9791666666666666,0.0,581.8297872340426,0.9583333333333334,0.0,756.9130434782609,175.08325624421832,0.2916059646595611,109.00724637681162
s293,human,human,96,48,48,1.0,0.0,577.1666666666666,1.0,0.0,669.5833333333334,92.41666666666674,0.09345792443863771,
s294,human,human,96,48,48,1.0,0.0,597.6458333333334,0.9375,0.020833333333333332,741.2444444444444,143.59861111111104,0.10073349623726319,142.50549450549454
s295,human,human,96,48,48,0.14583333333333334,0.8541666666666666,747.5714285714286,0.14583333333333334,0.8333333333333334,950.1428571428571,202.57142857142856,0.9027733980431252,115.91666666666663
s296,human,human,96,48,48,1.0,0.0,736.7083333333334,0.9791666666666666,0.0,887.3191489361702,150.61081560283685,0.26708343608612184,-166.97872340425533
s297,human,human,96,48,48,0.9791666666666666,0.0,619.6808510638298,0.9791666666666666,0.0,768.063829787234,148.38297872340422,0.1326778118521498,249.247311827957
s298,human,human,96,48,48,1.0,0.0,625.8958333333334,0.8958333333333334,0.020833333333333332,826.0232558139535,200.1274224806201,0.014613846715848977,4.514044943820181
s299,human,human,96,48,48,0.8958333333333334,0.0625,708.3023255813954,0.8125,0.0,801.6410256410256,93.33870005963024,-0.2552270810988505,11.00759493670887
s301,human,human,96,48,48,0.9791666666666666,0.0,497.93617021276594,0.9583333333333334,0.0,550.5869565217391,52.65078630897318,0.08761586344666132,174.28623188405788
s302,human,human,96,48,48,1.0,0.0,657.5833333333334,0.9166666666666666,0.020833333333333332,818.5454545454545,160.96212121212113,0.017194132961276254,404.97777777777765
s303,human,human,96,48,48,0.8958333333333334,0.020833333333333332,776.7441860465116,0.875,0.0,958.4761904761905,181.7320044296789,0.12109953304248212,39.25662650602408
s304,human,human,96,48,48,1.0,0.0,824.7083333333334,0.9583333333333334,0.020833333333333332,929.195652173913,104.48731884057963,0.24210614272311892,11.25
s305,human,human,96,48,48,1.0,0.0,585.0208333333334,0.9583333333333334,0.0,733.9782608695652,148.95742753623188,0.2530943131331393,123.72580645161293
s307,human,human,96,48,48,0.9791666666666666,0.0,505.6595744680851,1.0,0.0,609.0416666666666,103.38209219858152,0.16324074287666138,485.2127659574468
s308,human,human,96,48,48,0.9791666666666666,0.0,578.7234042553191,0.9166666666666666,0.0,736.2045454545455,157.48114119922639,0.0523088025552658,88.61111111111109
s309,human,human,96,48,48,0.9791666666666666,0.020833333333333332,648.7446808510638,1.0,0.0,746.5208333333334,97.7761524822696,-0.03078366604261662,
s311,human,human,96,48,48,0.9791666666666666,0.0,591.7446808510638,1.0,0.0,598.0,6.255319148936223,0.0465881733528662,-100.79787234042556
s312,human,human,96,48,48,1.0,0.0,666.375,1.0,0.0,744.1875,77.8125,0.1430936616150168,
s313,human,human,96,48,48,1.0,0.0,886.3541666666666,0.9583333333333334,0.0,975.8913043478261,89.53713768115949,-0.08083279008046397,-26.27956989247309
s314,human,human,96,48,48,0.9375,0.041666666666666664,762.3555555555556,0.875,0.020833333333333332,909.1904761904761,146.83492063492054,-0.09863096919799769,126.62857142857149
s315,human,human,96,48,48,1.0,0.0,578.1875,0.8958333333333334,0.0,806.7674418604652,228.57994186046517,0.21290144951483447,89.01373626373629
s316,human,human,96,48,48,1.0,0.0,700.3333333333334,1.0,0.0,804.0416666666666,103.70833333333326,0.05673386855410143,
s317,human,human,96,48,48,0.9791666666666666,0.0,638.7234042553191,0.8541666666666666,0.020833333333333332,725.8048780487804,87.08147379346133,0.00836503573111607,87.75747508305642
s319,human,human,96,48,48,1.0,0.0,807.9583333333334,0.9791666666666666,0.0,1009.7446808510638,201.7863475177304,0.02064247036653059,-134.67021276595744
s320,human,human,96,48,48,0.9375,0.0,643.8888888888889,0.9375,0.0,706.1555555555556,62.26666666666665,0.1889267842803733,-52.511235955056236
s321,human,human,96,48,48,0.8333333333333334,0.041666666666666664,531.9,0.9375,0.020833333333333332,580.1333333333333,48.23333333333335,0.1515914252732401,44.97560975609758
s322,human,human,96,48,48,0.9791666666666666,0.020833333333333332,729.8723404255319,0.9583333333333334,0.020833333333333332,935.2826086956521,205.41026827012024,-0.13761859697194273,-54.21111111111111
s323,human,human,96,48,48,1.0,0.0,666.125,1.0,0.0,790.5416666666666,124.41666666666663,-0.02806497266526622,
s324,human,human,96,48,48,1.0,0.0,840.7916666666666,1.0,0.0,871.8541666666666,31.0625,-0.014716131145452494,
s325,human,human,96,48,48,0.9583333333333334,0.020833333333333332,712.6521739130435,1.0,0.0,906.4166666666666,193.76449275362313,-0.04776176283166328,111.10869565217388
s326,human,human,96,48,48,0.9583333333333334,0.041666666666666664,868.304347826087,0.9583333333333334,0.041666666666666664,952.304347826087,84.0,-0.037787483819825954,
s327,human,human,96,48,48,0.9166666666666666,0.020833333333333332,573.2727272727273,0.9791666666666666,0.0,633.3404255319149,60.06769825918764,-0.06546463863092643,41.344444444444434
s328,human,human,96,48,48,0.9791666666666666,0.020833333333333332,691.4042553191489,0.9375,0.020833333333333332,803.3555555555556,111.95130023640672,-0.141394948754266,57.86516853932585
s329,human,human,96,48,48,1.0,0.0,627.4583333333334,0.8333333333333334,0.0,849.0,221.54166666666663,0.1884723908870946,-31.244252873563255
s330,human,human,96,48,48,0.9791666666666666,0.020833333333333332,703.936170212766,0.8958333333333334,0.020833333333333332,903.3023255813954,199.3661553686294,0.04120224303002699,185.22727272727275
s331,human,human,96,48,48,1.0,0.0,587.0833333333334,0.9583333333333334,0.0,807.4565217391304,220.373188405797,0.18946854632509574,-45.290322580645125
s332,human,human,96,48,48,1.0,0.0,741.3958333333334,0.9166666666666666,0.041666666666666664,869.0454545454545,127.64962121212113,0.17242978400212783,70.62222222222226
s333,human,human,96,48,48,1.0,0.0,716.1875,0.8958333333333334,0.041666666666666664,858.3953488372093,142.20784883720933,-0.10974773567827444,138.9204545454545
s334,human,human,96,48,48,1.0,0.0,887.5,0.9375,0.0625,1061.1555555555556,173.65555555555557,0.04588577868602424,
s335,human,human,96,48,48,0.9791666666666666,0.0,621.4468085106383,0.875,0.020833333333333332,695.5714285714286,74.12462006079022,0.1457389741854821,103.74712643678163
s336,human,human,96,48,48,0.9583333333333334,0.020833333333333332,513.7391304347826,0.8541666666666666,0.0,632.9512195121952,119.21208907741254,-0.02231131191971252,7.245588235294122
s337,human,human,96,48,48,1.0,0.0,564.2916666666666,0.8125,0.020833333333333332,774.7948717948718,210.5032051282052,0.0378323039635983,56.138235294117635
s338,human,human,96,48,48,1.0,0.0,605.3541666666666,0.9583333333333334,0.0,812.804347826087,207.45018115942037,0.07657284235121743,546.6236559139785
s339,human,human,96,48,48,0.9791666666666666,0.0,744.2978723404256,1.0,0.0,798.7291666666666,54.43129432624107,0.04120932960871232,147.6276595744681
s340,human,human,96,48,48,0.9791666666666666,0.020833333333333332,941.6808510638298,0.8958333333333334,0.0625,1021.3255813953489,79.6447303315191,0.08024212291595455,-31.982352941176487
s341,human,human,96,48,48,0.9375,0.041666666666666664,870.4222222222222,0.8541666666666666,0.08333333333333333,1138.3658536585365,267.94363143631426,-0.017584156260731284,110.13750000000005
s342,human,human,96,48,48,1.0,0.0,806.9791666666666,0.9583333333333334,0.020833333333333332,949.5869565217391,142.6077898550725,0.10153399524093328,-117.55913978494618
s343,human,human,96,48,48,0.8958333333333334,0.020833333333333332,875.3023255813954,0.8125,0.041666666666666664,891.0,15.697674418604606,0.04369434142820961,100.70759493670892
s344,human,human,96,48,48,0.9791666666666666,0.0,577.0851063829788,0.9166666666666666,0.0,753.3181818181819,176.2330754352031,0.20718784040104785,30.966666666666697
s345,human,human,96,48,48,0.8541666666666666,0.14583333333333334,631.780487804878,0.7916666666666666,0.20833333333333334,734.8421052631579,103.0616174582799,0.7408159719361646,
s346,human,human,96,48,48,1.0,0.0,806.9583333333334,0.9583333333333334,0.0,927.2391304347826,120.28079710144925,-0.0071996819403442255,51.968085106383
s347,human,human,96,48,48,1.0,0.0,653.0208333333334,0.9583333333333334,0.0,662.5217391304348,9.500905797101382,0.31874843187524304,32.44086021505382
s348,human,human,96,48,48,0.875,0.020833333333333332,610.1666666666666,0.7916666666666666,0.0625,733.2631578947369,123.09649122807025,-0.032405112858091986,-78.57177033492815
s349,human,human,96,48,48,0.9791666666666666,0.020833333333333332,638.3404255319149,0.875,0.0625,786.0,147.6595744680851,0.22658193007116972,349.7701149425286
s350,human,human,96,48,48,0.9583333333333334,0.0,591.4782608695652,0.8958333333333334,0.0,759.4651162790698,167.98685540950453,0.054532118866187244,36.48051948051943
s351,human,human,96,48,48,0.9791666666666666,0.0,589.9574468085107,0.9583333333333334,0.0,671.0434782608696,81.08603145235895,0.10398046996484037,28.496376811594246
s352,human,human,96,48,48,0.9375,0.0625,793.8,0.8125,0.08333333333333333,926.4102564102565,132.6102564102565,0.01297849398848838,90.25
s353,human,human,96,48,48,1.0,0.0,1050.8333333333333,0.9791666666666666,0.020833333333333332,1117.8936170212767,67.06028368794341,0.04536571903723954,
s354,human,human,96,48,48,0.9375,0.0,554.5333333333333,0.8958333333333334,0.0,612.4651162790698,57.93178294573647,0.19820510776750117,134.90373563218395
s355,human,human,96,48,48,0.9791666666666666,0.0,780.4468085106383,0.9166666666666666,0.020833333333333332,911.1818181818181,130.7350096711798,-0.041813485593395615,-70.27247191011236
s356,human,human,96,48,48,1.0,0.0,617.7083333333334,0.9166666666666666,0.0,697.2954545454545,79.58712121212113,-0.0032358670971240917,78.68406593406598
s357,human,human,96,48,48,1.0,0.0,608.0416666666666,1.0,0.0,683.5416666666666,75.5,0.0757352652509906,
s358,human,human,96,48,48,1.0,0.0,508.4791666666667,0.8333333333333334,0.020833333333333332,640.425,131.94583333333327,-0.1285007678864108,55.62956810631226
s359,human,human,96,48,48,1.0,0.0,626.375,0.9166666666666666,0.0,776.0454545454545,149.6704545454545,0.0764392312681425,13.655797101449252
s360,human,human,96,48,48,1.0,0.0,585.1666666666666,1.0,0.0,631.4791666666666,46.3125,0.061318697335581235,
s362,human,human,96,48,48,1.0,0.0,534.3958333333334,1.0,0.0,574.0416666666666,39.64583333333326,-0.0706609623338986,
s363,human,human,96,48,48,0.9791666666666666,0.0,719.0212765957447,0.9791666666666666,0.0,840.4042553191489,121.38297872340422,-0.047819549925777464,-11.376344086021504
s364,human,human,96,48,48,1.0,0.0,489.375,0.9791666666666666,0.0,554.4042553191489,65.02925531914889,0.21262508249205694,57.531914893617
s365,human,human,96,48,48,0.9791666666666666,0.0,620.2127659574468,0.9583333333333334,0.0,664.2391304347826,44.02636447733585,-0.09363192608944293,-1.1231884057970092
s366,human,human,96,48,48,0.9375,0.020833333333333332,817.4888888888889,0.8541666666666666,0.10416666666666667,864.0243902439024,46.53550135501348,0.05654859840612983,115.8641975308642
s368,human,human,96,48,48,1.0,0.0,617.6666666666666,0.9583333333333334,0.020833333333333332,744.7608695652174,127.09420289855075,-0.05540221815520493,-52.76086956521738
s369,human,human,96,48,48,0.9375,0.020833333333333332,707.6,0.7708333333333334,0.020833333333333332,824.8918918918919,117.29189189189185,0.15562211077768143,176.06585365853664
s370,human,human,96,48,48,0.9791666666666666,0.0,616.0425531914893,0.9583333333333334,0.020833333333333332,763.1739130434783,147.13135985198892,0.008130513926096468,-84.55494505494505
s372,human,human,96,48,48,1.0,0.0,742.5625,1.0,0.0,859.4375,116.875,-0.10295266630154687,
s373,human,human,96,48,48,0.875,0.08333333333333333,850.0238095238095,0.6875,0.0625,916.939393939394,66.91558441558448,-0.03191869703088938,-44.48933901918974
s374,human,human,96,48,48,1.0,0.0,555.875,1.0,0.0,591.9583333333334,36.08333333333337,0.07664209252415297,
s375,human,human,96,48,48,1.0,0.0,758.4791666666666,0.9166666666666666,0.041666666666666664,965.3409090909091,206.8617424242425,0.13420709382941778,-78.27528089887642
s376,human,human,96,48,48,0.9791666666666666,0.0,566.8723404255319,1.0,0.0,676.2916666666666,109.41932624113474,0.3218899024212385,
s377,human,human,96,48,48,0.9791666666666666,0.0,622.3617021276596,0.9166666666666666,0.020833333333333332,764.1818181818181,141.82011605415858,0.15725100140866052,-124.75842696629218
s378,human,human,96,48,48,1.0,0.0,470.6458333333333,0.9791666666666666,0.0,562.6170212765958,91.97118794326246,0.0976577863210856,191.7234042553191
s379,human,human,96,48,48,0.9791666666666666,0.0,621.3404255319149,0.9791666666666666,0.0,786.8085106382979,165.468085106383,-0.14713907420809827,47.55913978494618
s380,human,human,96,48,48,0.9791666666666666,0.0,631.1914893617021,0.9791666666666666,0.0,745.9574468085107,114.76595744680856,0.2592304011279476,440.063829787234
s381,human,human,96,48,48,0.9583333333333334,0.0,587.5217391304348,0.9791666666666666,0.0,638.2978723404256,50.7761332099908,-0.0078006951492882465,-62.75
s383,human,human,96,48,48,1.0,0.0,750.2708333333334,0.8958333333333334,0.0,854.4883720930233,104.21753875968989,0.12743940431934722,37.322222222222194
s384,human,human,96,48,48,0.9583333333333334,0.0,573.4565217391304,1.0,0.0,644.5833333333334,71.12681159420299,0.10630361781671432,-73.89784946236557
s386,human,human,96,48,48,1.0,0.0,981.7916666666666,0.9583333333333334,0.041666666666666664,1214.0869565217392,232.2952898550726,0.049699461497795125,
s387,human,human,96,48,48,1.0,0.0,657.375,0.8958333333333334,0.0,813.6976744186046,156.3226744186046,0.052448965856183596,163.92222222222222
s388,human,human,96,48,48,0.9583333333333334,0.041666666666666664,690.7391304347826,0.875,0.041666666666666664,921.5714285714286,230.83229813664593,0.04795226352265229,-109.44047619047626
s389,human,human,96,48,48,1.0,0.0,594.2291666666666,0.9791666666666666,0.0,719.0212765957447,124.79210992907804,0.1731050075633381,172.2234042553191
s390,human,human,96,48,48,0.9791666666666666,0.0,568.8723404255319,0.875,0.020833333333333332,632.4285714285714,63.55623100303956,0.04782381011594832,95.17241379310337
s391,human,human,96,48,48,1.0,0.0,635.5416666666666,0.7916666666666666,0.041666666666666664,795.8157894736842,160.27412280701753,-0.007778586645268965,50.69047619047626
s392,human,human,96,48,48,1.0,0.0,677.8125,1.0,0.0,784.0416666666666,106.22916666666663,-0.07798820326695696,
s393,human,human,96,48,48,1.0,0.0,665.6041666666666,0.7083333333333334,0.020833333333333332,857.5,191.89583333333337,0.1523556122472337,148.33024691358025
s394,human,human,96,48,48,1.0,0.0,573.7291666666666,0.9583333333333334,0.0,675.804347826087,102.07518115942037,0.22042200728624947,94.36021505376345
s395,human,human,96,48,48,1.0,0.0,528.5625,1.0,0.0,648.3333333333334,119.77083333333337,-0.08732455750169794,
s396,human,human,96,48,48,0.9583333333333334,0.0,560.2608695652174,0.9583333333333334,0.0,580.5434782608696,20.282608695652243,0.10569633584976608,18.887362637362685
s397,human,human,96,48,48,0.9791666666666666,0.0,726.8510638297872,0.8958333333333334,0.041666666666666664,823.4186046511628,96.56754082137559,0.04179148188087882,11.454022988505699
s398,human,human,96,48,48,0.8125,0.0625,719.8717948717949,0.7291666666666666,0.08333333333333333,787.1142857142858,67.24249084249084,-0.030497255170414135,120.8166666666666
s399,human,human,96,48,48,1.0,0.0,728.9583333333334,0.9375,0.0,822.3111111111111,93.35277777777776,-0.013076163078345512,74.30797101449275
s400,human,human,96,48,48,0.9583333333333334,0.020833333333333332,779.4782608695652,0.9375,0.0,963.4888888888889,184.0106280193237,-0.10482944924927917,-109.81111111111113
s401,human,human,96,48,48,1.0,0.0,574.4166666666666,0.9583333333333334,0.0,620.1086956521739,45.69202898550725,0.19590185592703774,-56.844086021505404
s402,human,human,96,48,48,0.9375,0.0,722.8888888888889,0.8541666666666666,0.0,817.0731707317074,94.18428184281845,0.23710434374861294,88.01033591731266
s403,human,human,96,48,48,1.0,0.0,733.2708333333334,0.9791666666666666,0.0,815.2765957446809,82.00576241134752,0.2615573600421376,115.55319148936167
s404,human,human,96,48,48,1.0,0.0,749.3958333333334,1.0,0.0,890.8125,141.41666666666663,0.018588752703952903,
s405,human,human,96,48,48,1.0,0.0,661.6458333333334,0.875,0.0,765.2142857142857,103.5684523809523,0.3038960938799159,80.20599250936323
s406,human,human,96,48,48,0.9375,0.0,653.9333333333333,0.8958333333333334,0.0,878.5813953488372,224.6480620155039,0.17437245302465937,28.340517241379303
s407,human,human,96,48,48,1.0,0.0,674.375,0.9375,0.041666666666666664,797.8666666666667,123.49166666666667,-0.01094884412253466,-177.8555555555556
s408,human,human,96,48,48,0.9791666666666666,0.020833333333333332,677.7021276595744,0.9166666666666666,0.020833333333333332,788.6136363636364,110.91150870406193,-0.0608308465358957,59.60606060606062
s409,human,human,96,48,48,0.9791666666666666,0.0,746.7659574468086,0.9375,0.0,1003.0,256.23404255319144,-0.00352560922055114,-129.2637362637363
s410,human,human,96,48,48,1.0,0.0,595.4791666666666,0.9375,0.0,658.3111111111111,62.8319444444445,0.12418269825343554,110.52173913043475
s411,human,human,96,48,48,1.0,0.0,660.3541666666666,0.9791666666666666,0.0,767.9148936170212,107.56072695035459,-0.08343500070043443,348.54255319148933
s412,human,human,96,48,48,0.9375,0.0,611.7777777777778,0.7916666666666666,0.0,714.1578947368421,102.38011695906425,0.1982221245555227,41.79737335834898
s413,human,human,96,48,48,1.0,0.0,591.4166666666666,0.9583333333333334,0.020833333333333332,687.0217391304348,95.60507246376812,0.0641384772850514,78.19354838709683
s414,human,human,96,48,48,1.0,0.0,645.3125,0.9583333333333334,0.020833333333333332,812.3478260869565,167.0353260869565,0.052447294497160776,-29.989130434782624
s415,human,human,96,48,48,0.9791666666666666,0.0,615.8723404255319,0.9791666666666666,0.0,730.936170212766,115.06382978723411,0.24289953510189496,156.49462365591398
s416,human,human,96,48,48,1.0,0.0,753.8541666666666,0.9375,0.0,935.6,181.7458333333334,0.11743395466398214,24.1340579710145
s418,human,human,96,48,48,1.0,0.0,540.3125,0.9791666666666666,0.0,606.531914893617,66.219414893617,0.05712294385490021,48.478723404255334
s419,human,human,96,48,48,1.0,0.0,553.5833333333334,0.9791666666666666,0.0,618.5744680851063,64.99113475177296,0.0892568973243534,-34.38297872340422
s420,human,human,96,48,48,0.9583333333333334,0.0,637.8478260869565,1.0,0.0,775.4166666666666,137.56884057971013,-0.024379799481155883,222.29569892473114
s421,human,human,96,48,48,1.0,0.0,633.8541666666666,0.9583333333333334,0.0,826.7391304347826,192.884963768116,0.15932647449687895,-193.8440860215054
s422,human,human,96,48,48,0.9791666666666666,0.020833333333333332,618.9148936170212,0.9583333333333334,0.0,714.4782608695652,95.56336725254403,0.07767349047729626,152.1428571428571
s423,human,human,96,48,48,1.0,0.0,622.7916666666666,0.9375,0.020833333333333332,693.2444444444444,70.45277777777778,-0.03367012294510355,-84.37912087912093
s424,human,human,96,48,48,1.0,0.0,623.25,1.0,0.0,715.9791666666666,92.72916666666663,0.04644831269736523,
s425,human,human,96,48,48,1.0,0.0,621.8333333333334,1.0,0.0,676.8958333333334,55.0625,0.39253186194072043,
s426,human,human,96,48,48,0.9583333333333334,0.0,809.9347826086956,0.9583333333333334,0.020833333333333332,906.804347826087,96.86956521739137,-0.12870929878160267,-127.05555555555554
s427,human,human,96,48,48,0.9791666666666666,0.0,586.9148936170212,0.9166666666666666,0.0,731.1136363636364,144.19874274661515,0.11988833467896794,40.48888888888894
s428,human,human,96,48,48,1.0,0.0,822.4166666666666,0.9375,0.020833333333333332,848.4222222222222,26.00555555555559,0.07784023581527001,236.02747252747258
s429,human,human,96,48,48,0.9375,0.0,545.2,0.9791666666666666,0.0,559.2340425531914,14.034042553191398,0.19114857868921778,0.8736263736263936
s430,human,human,96,48,48,0.9375,0.041666666666666664,790.1555555555556,0.9583333333333334,0.020833333333333332,848.6739130434783,58.518357487922685,0.06522807830562233,12.793103448275815
s431,human,human,96,48,48,1.0,0.0,776.6666666666666,0.9791666666666666,0.0,871.7234042553191,95.05673758865248,0.1344645213186032,92.88297872340422
s432,human,human,96,48,48,0.9791666666666666,0.020833333333333332,878.6808510638298,0.9583333333333334,0.020833333333333332,921.8478260869565,43.166975023126724,0.03922505780300326,307.48888888888894
s433,human,human,96,48,48,1.0,0.0,612.75,0.9791666666666666,0.0,702.3829787234042,89.63297872340422,0.14005107837733616,66.88297872340422
s434,human,human,96,48,48,0.9791666666666666,0.020833333333333332,683.7021276595744,0.9166666666666666,0.0,754.5454545454545,70.84332688588006,0.15380928669959945,216.61516853932585
s435,human,human,96,48,48,0.9583333333333334,0.0,671.0869565217391,0.9375,0.0,742.0222222222222,70.93526570048311,0.04701526385410503,62.81111111111102
s436,human,human,96,48,48,1.0,0.0,634.2083333333334,1.0,0.0,835.875,201.66666666666663,0.14528153211180592,
s438,human,human,96,48,48,1.0,0.0,603.6041666666666,1.0,0.0,751.2916666666666,147.6875,-0.05236121375573478,
s439,human,human,96,48,48,1.0,0.0,572.5,0.9791666666666666,0.0,703.2765957446809,130.7765957446809,-0.18557256420488505,585.7553191489362
s440,human,human,96,48,48,0.9375,0.0,741.9555555555555,0.9583333333333334,0.0,795.6739130434783,53.71835748792273,0.13647962311616746,-51.633333333333326
s441,human,human,96,48,48,1.0,0.0,747.4166666666666,0.9791666666666666,0.020833333333333332,903.5744680851063,156.1578014184397,0.062456241762707976,
s443,human,human,96,48,48,1.0,0.0,842.8541666666666,0.9791666666666666,0.020833333333333332,907.936170212766,65.08200354609937,-0.07324865910104128,
s444,human,human,96,48,48,1.0,0.0,558.7708333333334,1.0,0.0,625.4583333333334,66.6875,0.19509770644995436,
s445,human,human,96,48,48,0.9166666666666666,0.0,669.1590909090909,0.9166666666666666,0.0,706.3181818181819,37.15909090909099,0.008220766487297982,9.722701149425234
s446,human,human,96,48,48,1.0,0.0,569.5833333333334,0.9791666666666666,0.0,672.3829787234042,102.79964539007085,0.18902899720172497,71.94680851063833
s447,human,human,96,48,48,0.9791666666666666,0.0,584.8936170212766,0.9166666666666666,0.0,743.9545454545455,159.06092843326894,0.030900439455927006,-133.57777777777778
s448,human,human,96,48,48,0.9791666666666666,0.020833333333333332,723.5957446808511,0.9583333333333334,0.0,848.4565217391304,124.86077705827927,0.05826089298244038,100.37912087912093
s449,human,human,96,48,48,1.0,0.0,709.5,0.9791666666666666,0.0,841.6808510638298,132.18085106382978,0.06365045975249642,-77.52127659574467
s450,human,human,96,48,48,1.0,0.0,732.875,0.9791666666666666,0.0,828.8510638297872,95.97606382978722,0.286214964813687,6.925531914893668
s451,human,human,96,48,48,0.9791666666666666,0.0,629.1702127659574,0.9375,0.0,699.8666666666667,70.69645390070923,0.0881589696343773,31.788461538461547
s453,human,human,96,48,48,1.0,0.0,779.1666666666666,0.8958333333333334,0.020833333333333332,960.6744186046511,181.5077519379845,-0.07346127034716494,80.02528089887642
s454,human,human,96,48,48,1.0,0.0,604.5208333333334,0.8333333333333334,0.10416666666666667,981.2,376.6791666666667,0.12667682332548777,-86.03252032520322
s455,human,human,96,48,48,1.0,0.0,604.6458333333334,0.9375,0.0,794.1333333333333,189.48749999999995,0.13600948187944456,-119.6340579710145
s456,human,human,96,48,48,0.9375,0.020833333333333332,722.9111111111112,0.9166666666666666,0.020833333333333332,832.6590909090909,109.74797979797972,-0.09846845125541077,-113.84883720930236
s457,human,human,96,48,48,1.0,0.0,601.6875,1.0,0.0,678.9583333333334,77.27083333333337,0.04720625312830193,
s458,human,human,96,48,48,0.9791666666666666,0.0,580.2765957446809,0.9583333333333334,0.0,714.9565217391304,134.6799259944495,0.23249721626010228,136.72826086956525
s459,human,human,96,48,48,0.9791666666666666,0.0,609.7446808510638,0.8958333333333334,0.0,882.6046511627907,272.8599703117269,0.08381090716139995,84.02996254681648
s460,human,human,96,48,48,0.9791666666666666,0.020833333333333332,643.7659574468086,0.9375,0.020833333333333332,669.2888888888889,25.522931442080335,-0.014532100372840964,27.825842696629252
s461,human,human,96,48,48,1.0,0.0,728.2291666666666,0.9791666666666666,0.0,882.4468085106383,154.2176418439717,0.03475260937924483,-21.38297872340422
s462,human,human,96,48,48,0.9791666666666666,0.0,732.5531914893617,0.8333333333333334,0.020833333333333332,913.225,180.67180851063836,0.2711201063144188,-10.169117647058783
s463,human,human,96,48,48,0.9791666666666666,0.020833333333333332,672.063829787234,0.9375,0.0,798.9333333333333,126.86950354609928,-0.019971553642584985,198.65934065934061
s464,human,human,96,48,48,0.9375,0.0,705.6666666666666,0.8125,0.0,841.4615384615385,135.79487179487182,0.046358717698303985,30.494979919678713
s465,human,human,96,48,48,0.8958333333333334,0.08333333333333333,817.4651162790698,0.75,0.14583333333333334,1035.5277777777778,218.06266149870805,-0.039120107389830266,97.07352941176475
s466,human,human,96,48,48,0.9791666666666666,0.020833333333333332,797.5744680851063,0.9375,0.041666666666666664,880.9555555555555,83.38108747044919,0.016073596132388773,9.707865168539342
s467,human,human,96,48,48,1.0,0.0,623.0625,0.9791666666666666,0.0,759.936170212766,136.873670212766,-0.1524955559575188,-159.9042553191489
s468,human,human,96,48,48,0.9791666666666666,0.020833333333333332,672.2553191489362,0.9583333333333334,0.0,775.6521739130435,103.39685476410727,0.09631337197520311,30.516483516483504
s469,human,human,96,48,48,0.9791666666666666,0.0,651.0,1.0,0.0,839.0,188.0,0.27304838358528777,28.478723404255334
s470,human,human,96,48,48,1.0,0.0,597.2708333333334,0.9791666666666666,0.0,691.2340425531914,93.96320921985807,0.3394232841504754,268.3510638297872
s471,human,human,96,48,48,1.0,0.0,736.9166666666666,0.8333333333333334,0.08333333333333333,1021.05,284.1333333333333,-0.07610638830119208,-192.84523809523807
s472,human,human,96,48,48,0.9583333333333334,0.020833333333333332,624.695652173913,0.9375,0.0,848.4,223.70434782608697,0.1294608717804081,190.1179775280899
s473,human,human,96,48,48,1.0,0.0,607.1041666666666,1.0,0.0,763.3541666666666,156.25,0.40637993342832385,
s474,human,human,96,48,48,0.9791666666666666,0.020833333333333332,677.1702127659574,0.8958333333333334,0.0625,792.1860465116279,115.01583374567042,0.10143115992050288,9.244186046511572
s475,human,human,96,48,48,0.9583333333333334,0.0,711.6086956521739,0.9166666666666666,0.0,846.25,134.64130434782612,0.12060587682712073,116.18352059925087
s476,human,human,96,48,48,1.0,0.0,743.0416666666666,1.0,0.0,874.0833333333334,131.04166666666674,-0.029597386901152507,
s477,human,human,96,48,48,1.0,0.0,514.3333333333334,1.0,0.0,565.5,51.16666666666663,-0.060611615744627145,
s478,human,human,96,48,48,1.0,0.0,665.0,0.875,0.041666666666666664,953.5714285714286,288.57142857142856,0.04919800826992386,35.18678160919535
s479,human,human,96,48,48,1.0,0.0,660.25,1.0,0.0,754.6666666666666,94.41666666666663,0.02038342439440904,
s480,human,human,96,48,48,1.0,0.0,703.1666666666666,0.9166666666666666,0.020833333333333332,850.1136363636364,146.94696969696975,-0.04025952856624263,106.13333333333333
s481,human,human,96,48,48,0.9583333333333334,0.0,742.5869565217391,0.8958333333333334,0.020833333333333332,821.2558139534884,78.6688574317493,-0.14500397218099964,-0.18390804597697752
s482,human,human,96,48,48,0.9791666666666666,0.020833333333333332,586.8297872340426,0.9791666666666666,0.0,722.0,135.17021276595744,-0.0523835174610018,-37.10869565217388
s483,human,human,96,48,48,0.9166666666666666,0.0,587.6136363636364,0.8958333333333334,0.020833333333333332,676.3953488372093,88.78171247357295,0.024284946095271195,78.41911764705878
s484,human,human,96,48,48,0.9166666666666666,0.0,757.3409090909091,0.9166666666666666,0.0,876.5454545454545,119.20454545454538,-0.043472311987623614,-128.66522988505744
s485,human,human,96,48,48,0.9791666666666666,0.020833333333333332,794.936170212766,0.9375,0.041666666666666664,863.8888888888889,68.95271867612291,0.09072362846810335,-245.34090909090912
s486,human,human,96,48,48,0.9791666666666666,0.020833333333333332,751.4042553191489,1.0,0.0,807.8125,56.40824468085111,-0.11484012794575324,
s488,human,human,96,48,48,0.8541666666666666,0.041666666666666664,894.609756097561,0.7708333333333334,0.125,1132.7297297297298,238.1199736321688,0.2210589946481897,17.87042253521122
s489,human,human,96,48,48,0.9791666666666666,0.0,892.3191489361702,0.9375,0.041666666666666664,960.5777777777778,68.25862884160756,0.11308347784627631,253.0337078651686
s490,human,human,96,48,48,1.0,0.0,685.0625,0.9791666666666666,0.0,767.468085106383,82.405585106383,-0.10797999507094899,101.18085106382978
s491,human,human,96,48,48,0.9583333333333334,0.020833333333333332,866.6304347826087,0.9583333333333334,0.020833333333333332,881.9565217391304,15.326086956521635,0.06641357452025984,-97.37078651685397
s492,human,human,96,48,48,0.9583333333333334,0.020833333333333332,657.1521739130435,0.9791666666666666,0.0,726.1276595744681,68.97548566142461,0.15563004810564432,129.71428571428567
s493,human,human,96,48,48,1.0,0.0,793.25,0.8958333333333334,0.08333333333333333,1003.7441860465116,210.49418604651157,0.10198735430599556,175.43023255813955
s494,human,human,96,48,48,1.0,0.0,692.7291666666666,1.0,0.0,780.5833333333334,87.85416666666674,-0.16897356827499319,
s495,human,human,96,48,48,1.0,0.0,752.1875,0.8958333333333334,0.041666666666666664,964.0,211.8125,-0.005948607511219278,-212.97727272727275
s496,human,human,96,48,48,1.0,0.0,562.75,0.9791666666666666,0.0,660.1489361702128,97.39893617021278,0.04435315513839963,296.20212765957444
s497,human,human,96,48,48,1.0,0.0,521.7083333333334,0.9583333333333334,0.0,708.9130434782609,187.2047101449275,0.15896730249591084,-37.48924731182797
s498,human,human,96,48,48,0.9375,0.020833333333333332,650.4444444444445,0.875,0.020833333333333332,844.1904761904761,193.7460317460317,0.18605056152742855,39.436974789915894
s499,human,human,96,48,48,0.8958333333333334,0.0,604.2790697674419,0.8541666666666666,0.020833333333333332,796.6829268292682,192.40385706182633,-0.08792495564120016,-30.6939759036145
s500,human,human,96,48,48,0.9791666666666666,0.0,673.8085106382979,0.9791666666666666,0.0,748.0851063829788,74.27659574468089,0.09823000711389021,142.82795698924735
s501,human,human,96,48,48,0.9791666666666666,0.0,643.468085106383,0.9791666666666666,0.0,707.7446808510638,64.27659574468078,0.12142066976567208,442.6827956989247
s502,human,human,96,48,48,1.0,0.0,580.8333333333334,0.9791666666666666,0.020833333333333332,716.1063829787234,135.27304964539007,0.1788644960363449,
s503,human,human,96,48,48,1.0,0.0,726.0416666666666,1.0,0.0,894.9583333333334,168.91666666666674,0.09886417892231902,
s504,human,human,96,48,48,0.9583333333333334,0.0,563.8695652173913,0.9583333333333334,0.0,613.2391304347826,49.36956521739137,0.002498118268148475,209.62087912087907
s505,human,human,96,48,48,1.0,0.0,677.7291666666666,0.9375,0.0,841.0444444444445,163.31527777777785,0.0831603046564855,169.25362318840575
s506,human,human,96,48,48,1.0,0.0,906.4791666666666,0.7916666666666666,0.0625,1038.578947368421,132.0997807017544,-0.1478345020473668,-77.84843205574907
s507,human,human,96,48,48,1.0,0.0,576.7708333333334,0.9791666666666666,0.020833333333333332,762.9787234042553,186.20789007092196,0.14856775989204704,
s508,human,human,96,48,48,0.9583333333333334,0.0,842.9782608695652,0.9583333333333334,0.0,880.2608695652174,37.28260869565213,0.07604184190556253,-41.4368131868132
s509,human,human,96,48,48,1.0,0.0,609.875,0.9375,0.0,708.9555555555555,99.08055555555552,0.15944208149550715,99.75724637681162
s510,human,human,96,48,48,1.0,0.0,573.2083333333334,0.9583333333333334,0.0,688.7391304347826,115.53079710144925,0.10186511279588518,18.60215053763443
s511,human,human,96,48,48,1.0,0.0,620.0208333333334,0.9166666666666666,0.020833333333333332,789.5909090909091,169.57007575757575,-0.12919749017242374,-44.47777777777776
s512,human,human,96,48,48,1.0,0.0,566.75,1.0,0.0,664.1041666666666,97.35416666666663,0.10526426414372395,
s513,human,human,96,48,48,0.9583333333333334,0.041666666666666664,1033.9782608695652,0.7916666666666666,0.16666666666666666,1212.8947368421052,178.91647597253996,-0.02511896346521186,78.78378378378375
s514,human,human,96,48,48,0.9583333333333334,0.0,481.6521739130435,0.9166666666666666,0.020833333333333332,529.2045454545455,47.552371541502,0.09181432743502493,-6.402272727272759
s515,human,human,96,48,48,1.0,0.0,657.1875,0.9791666666666666,0.020833333333333332,760.4893617021277,103.30186170212767,0.22623323410028232,
s516,human,human,96,48,48,0.9791666666666666,0.0,794.1276595744681,0.9375,0.020833333333333332,891.5555555555555,97.42789598108743,-0.1586730205459062,58.92222222222222
s517,human,human,96,48,48,0.9583333333333334,0.0,776.195652173913,0.9375,0.0,917.9111111111112,141.71545893719815,-0.021309395591792266,47.22222222222217
s520,human,human,96,48,48,0.9791666666666666,0.0,508.4255319148936,0.9791666666666666,0.0,580.2127659574468,71.78723404255317,0.2029117857088945,80.81720430107532
s521,human,human,96,48,48,0.9791666666666666,0.0,709.2127659574468,0.7708333333333334,0.125,886.0,176.78723404255322,0.08047283027068086,-33.289029535864984
s522,human,human,96,48,48,0.9791666666666666,0.0,484.8510638297872,0.9583333333333334,0.0,588.8913043478261,104.0402405180389,0.05307314049633188,67.48550724637687
s523,human,human,96,48,48,1.0,0.0,799.8541666666666,0.8958333333333334,0.041666666666666664,1036.3720930232557,236.5179263565891,-0.0608328518981886,-22.25757575757575
s524,human,human,96,48,48,0.8958333333333334,0.020833333333333332,841.1627906976744,0.6458333333333334,0.125,1014.1290322580645,172.96624156039013,-0.12228353984993624,144.93099547511304
s526,human,human,96,48,48,0.9791666666666666,0.0,622.7234042553191,0.9375,0.041666666666666664,702.2444444444444,79.5210401891253,0.09391656120796042,299.3876404494382
s527,human,human,96,48,48,1.0,0.0,533.9166666666666,0.9375,0.0,605.1111111111111,71.19444444444446,0.059920231273821976,166.44202898550725
s528,human,human,96,48,48,0.9583333333333334,0.0,766.8913043478261,0.875,0.041666666666666664,906.8571428571429,139.96583850931677,-0.05500005528359598,33.44901960784307
s529,human,human,96,48,48,1.0,0.0,625.0625,0.9583333333333334,0.0,752.9565217391304,127.89402173913038,0.17161012979456836,348.45161290322585
s531,human,human,96,48,48,1.0,0.0,809.3541666666666,1.0,0.0,901.0208333333334,91.66666666666674,0.1665528239959137,
s533,human,human,96,48,48,1.0,0.0,538.6666666666666,0.9583333333333334,0.0,680.4782608695652,141.81159420289862,0.07380685294268531,68.56451612903231
s534,human,human,96,48,48,1.0,0.0,803.1666666666666,1.0,0.0,1019.5625,216.39583333333337,0.22339196862158722,
s535,human,human,96,48,48,0.9166666666666666,0.041666666666666664,828.5227272727273,0.8125,0.041666666666666664,993.8717948717949,165.34906759906767,-0.05613179604354052,135.79487179487182
s538,human,human,96,48,48,0.9791666666666666,0.0,769.5957446808511,0.9375,0.020833333333333332,837.3555555555556,67.7598108747045,-0.02035694980126931,-12.733333333333348
s539,human,human,96,48,48,0.9791666666666666,0.0,601.2340425531914,0.8958333333333334,0.0,638.3255813953489,37.09153884215743,0.3965962920010155,126.6910112359551
s541,human,human,96,48,48,1.0,0.0,825.3125,0.8958333333333334,0.0,916.3488372093024,91.03633720930236,0.010487766927485863,7.488888888888823
s542,human,human,96,48,48,0.9791666666666666,0.0,587.5106382978723,0.8333333333333334,0.020833333333333332,715.15,127.63936170212764,-0.12425392016014711,-75.31893687707634
s543,human,human,96,48,48,0.9791666666666666,0.020833333333333332,708.2127659574468,1.0,0.0,835.6875,127.47473404255322,-0.13070175028888398,
s544,human,human,96,48,48,0.9375,0.0,835.1111111111111,0.9791666666666666,0.020833333333333332,905.8085106382979,70.6973995271868,0.0960918631683296,136.0666666666666
s545,human,human,96,48,48,1.0,0.0,648.0,0.9375,0.020833333333333332,822.0888888888888,174.08888888888885,0.005324638835288667,-35.4065934065934
s546,human,human,96,48,48,1.0,0.0,684.0,0.9166666666666666,0.0,841.5,157.5,-0.06891134104768319,118.93131868131866
s548,human,human,96,48,48,0.9583333333333334,0.0,566.4130434782609,0.9583333333333334,0.0,635.8260869565217,69.41304347826087,0.12049721025329925,18.098901098901138
s549,human,human,96,48,48,0.9583333333333334,0.0,594.5,0.9583333333333334,0.0,663.195652173913,68.695652173913,0.12798781726268724,98.24725274725279
s550,human,human,96,48,48,1.0,0.0,800.6041666666666,1.0,0.0,770.8125,-29.79166666666663,0.045303570427435234,
s551,human,human,96,48,48,0.9791666666666666,0.0,622.4468085106383,0.9583333333333334,0.0,704.5434782608696,82.09666975023129,-0.042630106106860854,11.45652173913038
s552,human,human,96,48,48,0.8958333333333334,0.0625,637.3953488372093,0.7708333333333334,0.10416666666666667,774.9459459459459,137.5505971087366,0.406216887153226,40.91681735985526
s553,human,human,96,48,48,0.9791666666666666,0.0,581.8936170212766,0.9375,0.0,649.5111111111111,67.61749408983451,0.2584956596041071,-17.30219780219784
s554,human,human,96,48,48,0.9791666666666666,0.0,621.1489361702128,0.875,0.0,838.4761904761905,217.3272543059777,0.3712651330453109,-23.470779220779264
s556,human,human,96,48,48,0.9375,0.0625,887.6222222222223,0.9583333333333334,0.0,1062.391304347826,174.76908212560375,-0.06781068916138216,-136.125
s557,human,human,96,48,48,0.9583333333333334,0.0,650.2608695652174,0.7708333333333334,0.041666666666666664,770.5405405405405,120.27967097532314,0.09117567164930464,119.9243902439024
s559,human,human,96,48,48,0.9791666666666666,0.0,677.3617021276596,0.8541666666666666,0.020833333333333332,876.780487804878,199.41878567721847,-0.05948332042952041,47.55747126436779
s560,human,human,96,48,48,0.9791666666666666,0.0,760.1276595744681,0.9791666666666666,0.020833333333333332,947.7659574468086,187.63829787234044,0.12672468527465636,-260.7391304347826
